model_name, accuracy, loss, val_accuracy, val_loss
basicbrand_model_car_classifier_10, 0.9609493017196655, 0.13619211316108704, 0.5578996539115906, 5.309297561645508