model_name, accuracy, loss, val_accuracy, val_loss
dropdown_brand_model_car_classifier_0.2_0.5_20, 0.9039438366889954, 0.3104962408542633, 0.5640270113945007, 3.1498990058898926