model_name, accuracy, loss, val_accuracy, val_loss
normalyzed_brand_model_car_classifier_0.5_0.5_0.5_10, 0.07835343480110168, 3.4047763347625732, 0.08066392689943314, 3.405574321746826