model_name, accuracy, loss, val_accuracy, val_loss
short_224_dropdown_brand_model_car_classifier_0.5_0.5_0.5_30, 0.9131485819816589, 0.22701440751552582, 0.7157589197158813, 0.9411488175392151