model_name, accuracy, loss, val_accuracy, val_loss
dropout_brand_model_car_classifier_0.3_0.3_0.3_epoch_15_15, 0.3914957046508789, 2.7661495208740234, 0.36593499779701233, 3.537106990814209