model_name, accuracy, loss, val_accuracy, val_loss
initial_model_brand_classifier_epoch_10_10, 0.7661030888557434, 0.9054198265075684, 0.462111234664917, 6.071073532104492